{
  "bop19_average_recall": 0.3259515570934256,
  "bop19_average_recall_ad": 0.3259515570934256,
  "bop19_average_time_per_image": -1.0
}