{
  "gt_count": 1517,
  "mean_obj_recall": 0.32212735565882883,
  "mean_scene_recall": 0.3259515570934256,
  "obj_recalls": {"1": 0.2057142857142857, "5": 0.4371859296482412, "6": 0.1871345029239766, "8": 0.555, "9": 0.2, "10": 0.35555555555555557, "11": 0.37142857142857144, "12": 0.265},
  "recall": 0.3259515570934256,
  "scene_recalls": {"2": 0.3259515570934256},
  "targets_count": 1445,
  "tp_count": 471
}