{
  "gt_count": 1517,
  "mean_obj_recall": 0.31025021987548435,
  "mean_scene_recall": 0.3107266435986159,
  "obj_recalls": {"1": 0.18857142857142858, "5": 0.40703517587939697, "6": 0.19298245614035087, "8": 0.465, "9": 0.17777777777777778, "10": 0.3277777777777778, "11": 0.44285714285714284, "12": 0.28},
  "recall": 0.3107266435986159,
  "scene_recalls": {"2": 0.3107266435986159},
  "targets_count": 1445,
  "tp_count": 449
}
