{
  "bop19_average_recall": 0.8971350198110333,
  "bop19_average_recall_vsd": 0.8971350198110333,
  "bop19_average_time_per_image": -1.0
}