{
  "bop19_average_recall": 0.5540993599512344,
  "bop19_average_recall_vsd": 0.5540993599512344,
  "bop19_average_time_per_image": -1.0
}