{
  "gt_count": 6900,
  "mean_obj_recall": 0.650692493501347,
  "mean_scene_recall": 0.6344448520474353,
  "obj_recalls": {"1": 0.26732673267326734, "2": 0.2847826086956522, "3": 0.40966921119592875, "4": 0.24311183144246354, "5": 0.9315789473684211, "6": 0.9183673469387755, "7": 0.772, "8": 0.7866666666666666, "9": 0.9390243902439024, "10": 0.8601398601398601, "11": 0.5444444444444444, "12": 0.7553956834532374, "13": 0.6142857142857143, "14": 0.5821917808219178, "15": 0.5273972602739726, "16": 0.680628272251309, "17": 0.8972602739726028, "18": 0.8972602739726028, "19": 0.612565445026178, "20": 0.30165289256198347, "21": 0.3641304347826087, "22": 0.455026455026455, "23": 0.6385542168674698, "24": 0.8489583333333334, "25": 0.4842105263157895, "26": 0.6868686868686869, "27": 0.7708333333333334, "28": 0.6958762886597938, "29": 0.8061224489795918, "30": 0.9444444444444444},
  "recall": 0.5540993599512344,
  "scene_recalls": {"1": 0.9035532994923858, "2": 0.9115646258503401, "3": 0.8733624454148472, "4": 0.9076923076923077, "5": 0.8729508196721312, "6": 0.698744769874477, "7": 0.7912371134020618, "8": 0.6326530612244898, "9": 0.22773972602739725, "10": 0.6215277777777778, "11": 0.8426395939086294, "12": 0.5938566552901023, "13": 0.4117647058823529, "14": 0.4332344213649852, "15": 0.6124567474048442, "16": 0.6563307493540051, "17": 0.471976401179941, "18": 0.37942122186495175, "19": 0.7102803738317757, "20": 0.13591022443890274},
  "targets_count": 6562,
  "tp_count": 3636
}
