{
  "gt_count": 3000,
  "mean_obj_recall": 0.44699999999999995,
  "mean_scene_recall": 0.44699999999999995,
  "obj_recalls": {"1": 0.15, "2": 0.7, "3": 0.0, "4": 0.53, "5": 0.57, "6": 0.38, "7": 0.0, "8": 0.655, "9": 0.345, "10": 0.895, "11": 0.435, "12": 0.295, "13": 0.645, "14": 0.645, "15": 0.46},
  "recall": 0.447,
  "scene_recalls": {"1": 0.15, "2": 0.7, "3": 0.0, "4": 0.53, "5": 0.57, "6": 0.38, "7": 0.0, "8": 0.655, "9": 0.345, "10": 0.895, "11": 0.435, "12": 0.295, "13": 0.645, "14": 0.645, "15": 0.46},
  "targets_count": 3000,
  "tp_count": 1341
}