{
  "gt_count": 6900,
  "mean_obj_recall": 0.9227124480353176,
  "mean_scene_recall": 0.9145059080132775,
  "obj_recalls": {"1": 0.7858910891089109, "2": 0.8891304347826087, "3": 0.9236641221374046, "4": 0.8022690437601296, "5": 0.968421052631579, 
                  "6": 1.0, "7": 0.936, "8": 0.9333333333333333, "9": 0.9390243902439024, "10": 0.8811188811188811,
                  "11": 0.8777777777777778, "12": 0.9784172661870504, "13": 0.9785714285714285, "14": 0.958904109589041, "15": 0.9657534246575342, 
                  "16": 0.9790575916230366, "17": 0.952054794520548, "18": 0.9041095890410958, "19": 0.9267015706806283, "20": 0.8884297520661157, 
                  "21": 0.8315217391304348, "22": 0.8148148148148148, "23": 0.9477911646586346, "24": 0.9583333333333334, "25": 0.9894736842105263, 
                  "26": 0.9595959595959596, "27": 0.9166666666666666, "28": 0.9072164948453608, "29": 0.9081632653061225, "30": 0.9791666666666666},
  "recall": 0.8971350198110333,
  "scene_recalls": {"1": 0.9847715736040609, "2": 0.9863945578231292, "3": 0.9213973799126638, "4": 0.9538461538461539, "5": 0.9549180327868853, "6": 0.9665271966527197, "7": 0.9819587628865979, "8": 0.9455782312925171, "9": 0.8544520547945206, "10": 0.9652777777777778, "11": 0.9543147208121827, "12": 0.9726962457337884, "13": 0.8582887700534759, "14": 0.8427299703264095, "15": 0.8823529411764706, "16": 0.9224806201550387, "17": 0.8436578171091446, "18": 0.7652733118971061, "19": 0.9439252336448598, "20": 0.7892768079800498},
  "targets_count": 6562,
  "tp_count": 5887
}